year,education,age_group,employed,weight,rate
2007,less than hs,16-24,employed,509600.8110500001,0.2885052493139438
2007,less than hs,16-24,not employed,1256747.6774499991,0.7114947506860562
2007,less than hs,25-34,employed,687571.7215416665,0.6626118111479059
2007,less than hs,25-34,not employed,350097.25745,0.337388188852094
2007,less than hs,35-44,employed,707034.9963833335,0.6863023181585702
2007,less than hs,35-44,not employed,323174.2535,0.3136976818414298
2007,less than hs,45-54,employed,534457.4634166667,0.6459059518424888
2007,less than hs,45-54,not employed,292996.53649166663,0.35409404815751117
2007,less than hs,55+,employed,218475.80037500002,0.4154982461478671
2007,less than hs,55+,not employed,307340.61979166674,0.5845017538521329
2007,high school,16-24,employed,667919.2688750001,0.6115059129391868
2007,high school,16-24,not employed,424333.8962083333,0.38849408706081323
2007,high school,25-34,employed,906176.3504166665,0.7523460759215616
2007,high school,25-34,not employed,298291.0874,0.24765392407843848
2007,high school,35-44,employed,945958.8435916671,0.7602240168021803
2007,high school,35-44,not employed,298357.0720916667,0.2397759831978197
2007,high school,45-54,employed,908440.9344083335,0.7423048258556421
2007,high school,45-54,not employed,315370.231525,0.25769517414435783
2007,high school,55+,employed,367864.26941666665,0.5044692578882313
2007,high school,55+,not employed,361346.21004166664,0.49553074211176884
2007,some college,16-24,employed,791365.1887416666,0.5948145382273754
2007,some college,16-24,not employed,539075.0373833332,0.40518546177262466
2007,some college,25-34,employed,719729.3698,0.7672728125300854
2007,some college,25-34,not employed,218306.434475,0.23272718746991453
2007,some college,35-44,employed,722156.0163916667,0.7795426606745804
2007,some college,35-44,not employed,204228.1994083333,0.22045733932541958
2007,some college,45-54,employed,766261.8505250001,0.7979584296298322
2007,some college,45-54,not employed,194016.05628333334,0.2020415703701678
2007,some college,55+,employed,454037.8197833334,0.6091612387687013
2007,some college,55+,not employed,291311.34376666666,0.3908387612312987
2007,associate,16-24,employed,144879.331075,0.7157155253829695
2007,associate,16-24,not employed,57546.52939166666,0.28428447461703055
2007,associate,25-34,employed,335501.91114166664,0.8102132385797604
2007,associate,25-34,not employed,78588.96662499999,0.18978676142023967
2007,associate,35-44,employed,349804.28797500004,0.8049592845882407
2007,associate,35-44,not employed,84757.17950833334,0.19504071541175935
2007,associate,45-54,employed,386893.85261666664,0.8251281159178361
2007,associate,45-54,not employed,81995.57819166666,0.17487188408216386
2007,associate,55+,employed,233563.53255,0.6615104780522548
2007,associate,55+,not employed,119512.55664166667,0.3384895219477451
2007,bachelor's,16-24,employed,196985.96580833336,0.7782389018328076
2007,bachelor's,16-24,not employed,56131.637725,0.2217610981671923
2007,bachelor's,25-34,employed,994033.9853083332,0.8439270204063939
2007,bachelor's,25-34,not employed,183833.24879166667,0.15607297959360622
2007,bachelor's,35-44,employed,1006800.9018583335,0.8298297862822117
2007,bachelor's,35-44,not employed,206461.04474999997,0.17017021371778832
2007,bachelor's,45-54,employed,932575.084975,0.8489950003125057
2007,bachelor's,45-54,not employed,165870.8241666667,0.15100499968749423
2007,bachelor's,55+,employed,558214.9990333334,0.6856246864880443
2007,bachelor's,55+,not employed,255954.925175,0.3143753135119557
2007,advanced degree,16-24,employed,14489.844333333334,0.6562117535684998
2007,advanced degree,16-24,not employed,7591.205350000001,0.34378824643150024
2007,advanced degree,25-34,employed,358334.98458333337,0.8636048209205419
2007,advanced degree,25-34,not employed,56594.36261666666,0.1363951790794581
2007,advanced degree,35-44,employed,559674.3021166667,0.9061294429825761
2007,advanced degree,35-44,not employed,57979.50711666667,0.09387055701742388
2007,advanced degree,45-54,employed,440968.61014166666,0.8918441823471592
2007,advanced degree,45-54,not employed,53477.189775,0.10815581765284078
2007,advanced degree,55+,employed,410138.514225,0.760352634402286
2007,advanced degree,55+,not employed,129267.14529166667,0.23964736559771405
2008,less than hs,16-24,employed,412613.8924416667,0.23770705944574938
2008,less than hs,16-24,not employed,1323194.4314833337,0.7622929405542506
2008,less than hs,25-34,employed,598267.5577166666,0.6435005914334118
2008,less than hs,25-34,not employed,331440.3022000001,0.3564994085665882
2008,less than hs,35-44,employed,658853.9482999997,0.6744610698346584
2008,less than hs,35-44,not employed,318005.91473333334,0.3255389301653416
2008,less than hs,45-54,employed,491856.0591,0.6021067563416196
2008,less than hs,45-54,not employed,325035.7195083333,0.3978932436583804
2008,less than hs,55+,employed,262585.21541666664,0.45302925355063894
2008,less than hs,55+,not employed,317035.66636666673,0.5469707464493611
2008,high school,16-24,employed,652391.9527166666,0.5627935501954605
2008,high school,16-24,not employed,506811.0134333332,0.43720644980453954
2008,high school,25-34,employed,892041.0096916667,0.7233885819537034
2008,high school,25-34,not employed,341101.2211166667,0.2766114180462966
2008,high school,35-44,employed,870568.5599916667,0.7328106048494794
2008,high school,35-44,not employed,317417.1954416667,0.26718939515052065
2008,high school,45-54,employed,858962.9615333333,0.7366528321665595
2008,high school,45-54,not employed,307072.00639999995,0.26334716783344053
2008,high school,55+,employed,410027.3048833334,0.5334233509783647
2008,high school,55+,not employed,358644.1530333333,0.46657664902163526
2008,some college,16-24,employed,781698.4216083334,0.574225325724955
2008,some college,16-24,not employed,579611.1316083333,0.425774674275045
2008,some college,25-34,employed,717254.8361333335,0.7603592019335645
2008,some college,25-34,not employed,226055.6864583333,0.23964079806643543
2008,some college,35-44,employed,675701.8459916665,0.7840439549821347
2008,some college,35-44,not employed,186114.43573333332,0.21595604501786525
2008,some college,45-54,employed,744663.8084916667,0.7801727044333058
2008,some college,45-54,not employed,209822.0435,0.21982729556669414
2008,some college,55+,employed,465634.88793333335,0.6066882408590287
2008,some college,55+,not employed,301867.8533,0.3933117591409713
2008,associate,16-24,employed,158115.11733333333,0.7307972009431555
2008,associate,16-24,not employed,58244.6568,0.2692027990568445
2008,associate,25-34,employed,340290.9796916667,0.7919166400246007
2008,associate,25-34,not employed,89414.57578333333,0.20808335997539926
2008,associate,35-44,employed,367650.99998333334,0.8229201501437782
2008,associate,35-44,not employed,79112.88095833334,0.1770798498562219
2008,associate,45-54,employed,404160.5751,0.7938451115998731
2008,associate,45-54,not employed,104957.09684166667,0.20615488840012683
2008,associate,55+,employed,256584.293925,0.6396098094662469
2008,associate,55+,not employed,144573.2401333333,0.36039019053375315
2008,bachelor's,16-24,employed,206484.31261666666,0.7182180085012031
2008,bachelor's,16-24,not employed,81011.00241666667,0.2817819914987969
2008,bachelor's,25-34,employed,1022036.8542166665,0.8445027321944212
2008,bachelor's,25-34,not employed,188186.41120833333,0.15549726780557885
2008,bachelor's,35-44,employed,989176.0611583334,0.8319523519714914
2008,bachelor's,35-44,not employed,199805.56599166672,0.16804764802850866
2008,bachelor's,45-54,employed,963006.5423666667,0.8343355605394014
2008,bachelor's,45-54,not employed,191213.16000833336,0.1656644394605986
2008,bachelor's,55+,employed,602956.1591916668,0.6849262013571529
2008,bachelor's,55+,not employed,277366.652225,0.31507379864284724
2008,advanced degree,16-24,employed,12699.696190909091,0.6037471774874086
2008,advanced degree,16-24,not employed,8335.09563,0.39625282251259136
2008,advanced degree,25-34,employed,361201.71563333325,0.8245386172086645
2008,advanced degree,25-34,not employed,76863.53455,0.17546138279133552
2008,advanced degree,35-44,employed,579128.1724999999,0.8966517650599638
2008,advanced degree,35-44,not employed,66750.41165833332,0.10334823494003613
2008,advanced degree,45-54,employed,458807.2282166665,0.8931521942917525
2008,advanced degree,45-54,not employed,54887.113183333335,0.10684780570824749
2008,advanced degree,55+,employed,446245.57463333337,0.7750212976633138
2008,advanced degree,55+,not employed,129539.34376666667,0.22497870233668602
2009,less than hs,16-24,employed,309790.7950166667,0.1838212833719797
2009,less than hs,16-24,not employed,1375491.7214250003,0.8161787166280203
2009,less than hs,25-34,employed,526606.3987583333,0.5931115257562692
2009,less than hs,25-34,not employed,361264.3909500001,0.40688847424373076
2009,less than hs,35-44,employed,564167.5333166666,0.6126960748464503
2009,less than hs,35-44,not employed,356627.55004999996,0.38730392515354967
2009,less than hs,45-54,employed,510508.05381666654,0.5825579419595043
2009,less than hs,45-54,not employed,365813.45353333326,0.4174420580404956
2009,less than hs,55+,employed,275543.39901666663,0.43379798322241736
2009,less than hs,55+,not employed,359644.8906333333,0.5662020167775826
2009,high school,16-24,employed,561548.3326249999,0.4906999048930916
2009,high school,16-24,not employed,582834.0628583332,0.5093000951069084
2009,high school,25-34,employed,846501.8782916669,0.6674427764966104
2009,high school,25-34,not employed,421774.45655,0.3325572235033896
2009,high school,35-44,employed,826647.3558833332,0.6906948143361751
2009,high school,35-44,not employed,370187.1051916667,0.3093051856638249
2009,high school,45-54,employed,791543.3067916668,0.7049017419407976
2009,high school,45-54,not employed,331369.6606416667,0.2950982580592025
2009,high school,55+,employed,439484.7273833333,0.5154103992722945
2009,high school,55+,not employed,413204.1745166667,0.48458960072770557
2009,some college,16-24,employed,791268.904575,0.5233009288594271
2009,some college,16-24,not employed,720803.5205583334,0.4766990711405728
2009,some college,25-34,employed,720030.2858999999,0.7127278519921465
2009,some college,25-34,not employed,290215.46763333323,0.2872721480078536
2009,some college,35-44,employed,647475.6788833332,0.7289153881169729
2009,some college,35-44,not employed,240797.07463333334,0.27108461188302707
2009,some college,45-54,employed,665928.6019416666,0.7203343655794646
2009,some college,45-54,not employed,258542.912625,0.2796656344205354
2009,some college,55+,employed,417098.2556166666,0.5519343977588738
2009,some college,55+,not employed,338604.33749999997,0.44806560224112624
2009,associate,16-24,employed,152480.02773333335,0.687827103654599
2009,associate,16-24,not employed,69203.62928333333,0.3121728963454011
2009,associate,25-34,employed,309168.92583333334,0.735384584622558
2009,associate,25-34,not employed,111249.08713333332,0.26461541537744204
2009,associate,35-44,employed,367096.62437499996,0.7993747158169036
2009,associate,35-44,not employed,92133.09244166665,0.20062528418309647
2009,associate,45-54,employed,397189.53585833334,0.79062957966716
2009,associate,45-54,not employed,105181.670675,0.20937042033284003
2009,associate,55+,employed,251273.1224833333,0.6097788411302615
2009,associate,55+,not employed,160799.42830833336,0.3902211588697385
2009,bachelor's,16-24,employed,216558.3820083333,0.7086769440855658
2009,bachelor's,16-24,not employed,89022.86176666665,0.29132305591443414
2009,bachelor's,25-34,employed,988615.2522833333,0.8107965707201819
2009,bachelor's,25-34,not employed,230698.30673333336,0.18920342927981823
2009,bachelor's,35-44,employed,892182.5596666666,0.8012255527765566
2009,bachelor's,35-44,not employed,221339.78940833337,0.19877444722344348
2009,bachelor's,45-54,employed,944236.7346083332,0.8140507525116684
2009,bachelor's,45-54,not employed,215686.93316666665,0.18594924748833147
2009,bachelor's,55+,employed,616681.446,0.6701051632510122
2009,bachelor's,55+,not employed,303594.176125,0.32989483674898773
2009,advanced degree,16-24,employed,14956.112800000003,0.5888870523749377
2009,advanced degree,16-24,not employed,10441.139083333335,0.4111129476250624
2009,advanced degree,25-34,employed,324969.3240166666,0.8552298894359193
2009,advanced degree,25-34,not employed,55009.58929166666,0.14477011056408076
2009,advanced degree,35-44,employed,499853.2709333334,0.8842444552339169
2009,advanced degree,35-44,not employed,65435.284708333325,0.11575554476608295
2009,advanced degree,45-54,employed,480274.0894916668,0.8732150284801435
2009,advanced degree,45-54,not employed,69732.57991666665,0.12678497151985643
2009,advanced degree,55+,employed,415859.26595,0.7376625387697444
2009,advanced degree,55+,not employed,147893.45849166668,0.2623374612302556
2010,less than hs,16-24,employed,323632.59859166667,0.1905546940366096
2010,less than hs,16-24,not employed,1374738.5710500006,0.8094453059633904
2010,less than hs,25-34,employed,490519.51126666664,0.600822216801701
2010,less than hs,25-34,not employed,325894.22569166665,0.399177783198299
2010,less than hs,35-44,employed,574929.7612916668,0.5998252984974952
2010,less than hs,35-44,not employed,383565.591825,0.4001747015025047
2010,less than hs,45-54,employed,501655.4039416667,0.5948247486983911
2010,less than hs,45-54,not employed,341711.32725000003,0.4051752513016089
2010,less than hs,55+,employed,291614.68470833334,0.44394744786980117
2010,less than hs,55+,not employed,365252.8929916666,0.5560525521301988
2010,high school,16-24,employed,511127.7669916667,0.4597645724951867
2010,high school,16-24,not employed,600588.5277583332,0.5402354275048133
2010,high school,25-34,employed,919999.2514250003,0.6722363721204212
2010,high school,25-34,not employed,448565.86879166664,0.3277636278795788
2010,high school,35-44,employed,820871.0857416666,0.7041510085347238
2010,high school,35-44,not employed,344888.922825,0.29584899146527616
2010,high school,45-54,employed,788825.5798666668,0.683697025928608
2010,high school,45-54,not employed,364939.2457083333,0.31630297407139196
2010,high school,55+,employed,458880.7219,0.5045112450442624
2010,high school,55+,not employed,450674.2709916667,0.49548875495573763
2010,some college,16-24,employed,704767.5782583333,0.49035409863686363
2010,some college,16-24,not employed,732494.9636833332,0.5096459013631364
2010,some college,25-34,employed,697863.6959500001,0.6694672599654633
2010,some college,25-34,not employed,344552.77111666667,0.3305327400345366
2010,some college,35-44,employed,592177.10225,0.7046969453549676
2010,some college,35-44,not employed,248151.64637499998,0.2953030546450323
2010,some college,45-54,employed,655184.1335999998,0.7289475273834992
2010,some college,45-54,not employed,243624.22912499998,0.2710524726165009
2010,some college,55+,employed,422122.4110083333,0.5459102906188255
2010,some college,55+,not employed,351122.60426666663,0.4540897093811746
2010,associate,16-24,employed,113034.75654166668,0.6106481755046304
2010,associate,16-24,not employed,72071.43238333335,0.38935182449536965
2010,associate,25-34,employed,370338.27857500006,0.7925495620890038
2010,associate,25-34,not employed,96936.32012500001,0.20745043791099615
2010,associate,35-44,employed,323435.2138416667,0.757041397763078
2010,associate,35-44,not employed,103800.62134166667,0.24295860223692203
2010,associate,45-54,employed,387194.05010833335,0.7786522434121029
2010,associate,45-54,not employed,110067.79352499999,0.22134775658789704
2010,associate,55+,employed,237561.78542499998,0.5775344631333752
2010,associate,55+,not employed,173776.06640833334,0.42246553686662486
2010,bachelor's,16-24,employed,216263.968125,0.7147541090651789
2010,bachelor's,16-24,not employed,86307.17540833334,0.2852458909348212
2010,bachelor's,25-34,employed,1004541.0580583331,0.8094337714774794
2010,bachelor's,25-34,not employed,236500.63485833336,0.19056622852252067
2010,bachelor's,35-44,employed,877578.2917833333,0.7878784551829263
2010,bachelor's,35-44,not employed,236271.54889999997,0.21212154481707357
2010,bachelor's,45-54,employed,858154.4433083334,0.7860155750983766
2010,bachelor's,45-54,not employed,233623.46860000002,0.21398442490162345
2010,bachelor's,55+,employed,606584.5178083333,0.6464083257032699
2010,bachelor's,55+,not employed,331807.66200833337,0.3535916742967301
2010,advanced degree,16-24,employed,12099.681625,0.6184865714675366
2010,advanced degree,16-24,not employed,7463.688354545453,0.38151342853246334
2010,advanced degree,25-34,employed,355392.5389166667,0.8376244053405287
2010,advanced degree,25-34,not employed,68893.73623333333,0.16237559465947135
2010,advanced degree,35-44,employed,484084.9298333334,0.8672328575669567
2010,advanced degree,35-44,not employed,74109.93744999998,0.13276714243304322
2010,advanced degree,45-54,employed,511265.4427333333,0.8704093348986738
2010,advanced degree,45-54,not employed,76119.62109166668,0.1295906651013262
2010,advanced degree,55+,employed,440576.8040416667,0.7405439069685876
2010,advanced degree,55+,not employed,154359.97134166665,0.2594560930314124
2011,less than hs,16-24,employed,309298.7536833333,0.17761042240226785
2011,less than hs,16-24,not employed,1432146.0866583332,0.8223895775977321
2011,less than hs,25-34,employed,490321.577075,0.5954681720702314
2011,less than hs,25-34,not employed,333100.395875,0.4045318279297686
2011,less than hs,35-44,employed,568368.5441,0.6154942853481306
2011,less than hs,35-44,not employed,355065.7714250001,0.38450571465186945
2011,less than hs,45-54,employed,508352.04020833335,0.5788269549536428
2011,less than hs,45-54,not employed,369893.2382083333,0.4211730450463573
2011,less than hs,55+,employed,274588.713525,0.41871569888621607
2011,less than hs,55+,not employed,381199.2453583333,0.581284301113784
2011,high school,16-24,employed,554758.9497666666,0.4722214372105899
2011,high school,16-24,not employed,620026.6615,0.5277785627894103
2011,high school,25-34,employed,851981.8383500002,0.6306813428688907
2011,high school,25-34,not employed,498909.3018166667,0.3693186571311094
2011,high school,35-44,employed,782856.0822416666,0.7057774398603442
2011,high school,35-44,not employed,326354.8928166667,0.2942225601396558
2011,high school,45-54,employed,853375.1563750001,0.681027436976811
2011,high school,45-54,not employed,399694.99915833335,0.3189725630231889
2011,high school,55+,employed,488021.4169166666,0.5035781866689706
2011,high school,55+,not employed,481086.1215666667,0.4964218133310294
2011,some college,16-24,employed,744066.0886083333,0.4982561020341578
2011,some college,16-24,not employed,749274.5560333333,0.5017438979658421
2011,some college,25-34,employed,720373.7328499999,0.679202055327161
2011,some college,25-34,not employed,340243.9834833334,0.32079794467283884
2011,some college,35-44,employed,557587.554225,0.7053025423307923
2011,some college,35-44,not employed,232977.51645,0.2946974576692077
2011,some college,45-54,employed,660897.0546583332,0.7252612147317102
2011,some college,45-54,not employed,250356.768425,0.27473878526828976
2011,some college,55+,employed,452656.2227166666,0.5844944172207851
2011,some college,55+,not employed,321784.4038833334,0.41550558277921495
2011,associate,16-24,employed,108649.88571666666,0.5768220904297388
2011,associate,16-24,not employed,79709.55390833333,0.42317790957026125
2011,associate,25-34,employed,345452.9659833333,0.7827439249767505
2011,associate,25-34,not employed,95882.89745833335,0.21725607502324956
2011,associate,35-44,employed,323023.8072333333,0.7635902749334584
2011,associate,35-44,not employed,100009.09121666668,0.23640972506654154
2011,associate,45-54,employed,347422.1526916667,0.7584982230679003
2011,associate,45-54,not employed,110617.3550166667,0.24150177693209973
2011,associate,55+,employed,251309.35472500007,0.5922079434505242
2011,associate,55+,not employed,173050.63150000002,0.4077920565494758
2011,bachelor's,16-24,employed,218961.88671666666,0.7082198869525018
2011,bachelor's,16-24,not employed,90210.29377500001,0.2917801130474982
2011,bachelor's,25-34,employed,970917.4619916668,0.8095815789300174
2011,bachelor's,25-34,not employed,228365.5840416667,0.19041842106998266
2011,bachelor's,35-44,employed,864913.5138333333,0.7890139383893392
2011,bachelor's,35-44,not employed,231281.96732499998,0.2109860616106607
2011,bachelor's,45-54,employed,846043.8662,0.7997130453015316
2011,bachelor's,45-54,not employed,211890.44057500002,0.20028695469846844
2011,bachelor's,55+,employed,603246.8322916665,0.6471910528831
2011,bachelor's,55+,not employed,328853.2479,0.3528089471169001
2011,advanced degree,16-24,employed,11330.815833333334,0.6574287462205223
2011,advanced degree,16-24,not employed,5904.231916666667,0.3425712537794777
2011,advanced degree,25-34,employed,349795.7641916666,0.8357455697559105
2011,advanced degree,25-34,not employed,68747.60217499999,0.1642544302440894
2011,advanced degree,35-44,employed,494340.00646666664,0.8623838298103328
2011,advanced degree,35-44,not employed,78885.03484166667,0.13761617018966732
2011,advanced degree,45-54,employed,493722.6724916668,0.8730989470151088
2011,advanced degree,45-54,not employed,71760.39695833334,0.12690105298489113
2011,advanced degree,55+,employed,475180.0189,0.7745746355874811
2011,advanced degree,55+,not employed,138292.19806666666,0.2254253644125188
2012,less than hs,16-24,employed,288585.0056916667,0.16578789167400634
2012,less than hs,16-24,not employed,1452103.0673500001,0.8342121083259937
2012,less than hs,25-34,employed,500777.79000833334,0.619266103541301
2012,less than hs,25-34,not employed,307885.5409,0.38073389645869893
2012,less than hs,35-44,employed,553090.0783749999,0.6253760208911944
2012,less than hs,35-44,not employed,331321.9551833333,0.37462397910880557
2012,less than hs,45-54,employed,510855.87848333333,0.5805589901443067
2012,less than hs,45-54,not employed,369082.05574166664,0.4194410098556933
2012,less than hs,55+,employed,278482.3830666666,0.40173828007539775
2012,less than hs,55+,not employed,414711.16327499994,0.5982617199246023
2012,high school,16-24,employed,555317.3296166667,0.45570422321580417
2012,high school,16-24,not employed,663274.2509000001,0.5442957767841959
2012,high school,25-34,employed,822867.2670416665,0.6385356486314044
2012,high school,25-34,not employed,465811.39765833336,0.3614643513685956
2012,high school,35-44,employed,763645.9484916668,0.7017180322535681
2012,high school,35-44,not employed,324605.90395,0.29828196774643184
2012,high school,45-54,employed,827084.8068833333,0.6750658042556846
2012,high school,45-54,not employed,398106.57693333336,0.32493419574431537
2012,high school,55+,employed,501128.2551333333,0.5070964781601974
2012,high school,55+,not employed,487102.34144166665,0.49290352183980257
2012,some college,16-24,employed,824444.7301416666,0.505035917504407
2012,some college,16-24,not employed,808002.986083333,0.4949640824955929
2012,some college,25-34,employed,712935.054075,0.6979397292259001
2012,some college,25-34,not employed,308550.0745416667,0.3020602707741
2012,some college,35-44,employed,607673.4517,0.7469607862001424
2012,some college,35-44,not employed,205854.4642583333,0.2530392137998576
2012,some college,45-54,employed,660101.2002583334,0.7304286231644118
2012,some college,45-54,not employed,243616.39694999997,0.26957137683558824
2012,some college,55+,employed,460039.4175833334,0.5618409962434577
2012,some college,55+,not employed,358767.7194166666,0.43815900375654226
2012,associate,16-24,employed,118157.946375,0.5737656159580607
2012,associate,16-24,not employed,87776.22445833334,0.4262343840419393
2012,associate,25-34,employed,342307.92323333333,0.7555613096306693
2012,associate,25-34,not employed,110743.23074999999,0.24443869036933072
2012,associate,35-44,employed,328213.27754166664,0.7847681136395239
2012,associate,35-44,not employed,90016.35212499999,0.2152318863604761
2012,associate,45-54,employed,350881.5095583333,0.7565943073270345
2012,associate,45-54,not employed,112882.89649166666,0.24340569267296547
2012,associate,55+,employed,280163.16179166664,0.610978168612833
2012,associate,55+,not employed,178385.4021083333,0.3890218313871669
2012,bachelor's,16-24,employed,228267.84148333335,0.708331671350306
2012,bachelor's,16-24,not employed,93993.39674166666,0.2916683286496941
2012,bachelor's,25-34,employed,1022258.6282833335,0.8040402094167172
2012,bachelor's,25-34,not employed,249143.74228333333,0.19595979058328278
2012,bachelor's,35-44,employed,915818.5608833333,0.8097567281209598
2012,bachelor's,35-44,not employed,215161.31131666666,0.1902432718790401
2012,bachelor's,45-54,employed,874453.1943666666,0.8042723331077261
2012,bachelor's,45-54,not employed,212806.87709166665,0.195727666892274
2012,bachelor's,55+,employed,691908.3422750001,0.6598195714152756
2012,bachelor's,55+,not employed,356724.30254166666,0.34018042858472425
2012,advanced degree,16-24,employed,14299.661175000001,0.6722977960051588
2012,advanced degree,16-24,not employed,6970.170825000001,0.3277022039948412
2012,advanced degree,25-34,employed,383328.34993333323,0.8333838086710044
2012,advanced degree,25-34,not employed,76637.80965,0.16661619132899563
2012,advanced degree,35-44,employed,510979.85986666655,0.8517046437485819
2012,advanced degree,35-44,not employed,88969.73958333333,0.1482953562514181
2012,advanced degree,45-54,employed,517585.1468666666,0.8560035867941188
2012,advanced degree,45-54,not employed,87067.86493333335,0.1439964132058812
2012,advanced degree,55+,employed,456447.52762500005,0.7267904746983113
2012,advanced degree,55+,not employed,171584.26904166667,0.2732095253016886
2013,less than hs,16-24,employed,253647.30943333334,0.15793551966482958
2013,less than hs,16-24,not employed,1352370.829941667,0.8420644803351705
2013,less than hs,25-34,employed,447489.19612499996,0.6295510845700849
2013,less than hs,25-34,not employed,263317.61065,0.37044891542991515
2013,less than hs,35-44,employed,518167.36284166673,0.6218471431541488
2013,less than hs,35-44,not employed,315103.9137833333,0.3781528568458512
2013,less than hs,45-54,employed,526421.7552749999,0.6142453259628544
2013,less than hs,45-54,not employed,330600.24069999997,0.3857546740371456
2013,less than hs,55+,employed,325550.4867833334,0.43373617458042
2013,less than hs,55+,not employed,425022.1097916667,0.56626382541958
2013,high school,16-24,employed,556662.5871083335,0.48334964999075836
2013,high school,16-24,not employed,595014.2313583333,0.5166503500092418
2013,high school,25-34,employed,879497.3926666667,0.6606922261007012
2013,high school,25-34,not employed,451678.2408916666,0.33930777389929867
2013,high school,35-44,employed,716751.5953166666,0.6898463991175475
2013,high school,35-44,not employed,322250.12482500006,0.3101536008824525
2013,high school,45-54,employed,798845.6780833333,0.6812198197120877
2013,high school,45-54,not employed,373823.7818583333,0.3187801802879124
2013,high school,55+,employed,512252.81075,0.5079007012787266
2013,high school,55+,not employed,496316.0088250001,0.49209929872127345
2013,some college,16-24,employed,808415.5038333334,0.48636896046665595
2013,some college,16-24,not employed,853729.0192416665,0.513631039533344
2013,some college,25-34,employed,735145.2402833332,0.6974874762661177
2013,some college,25-34,not employed,318845.35495833325,0.30251252373388215
2013,some college,35-44,employed,625403.8072083333,0.7446602444407306
2013,some college,35-44,not employed,214447.402625,0.2553397555592694
2013,some college,45-54,employed,689500.0244833333,0.750603809655376
2013,some college,45-54,not employed,229093.80040000004,0.249396190344624
2013,some college,55+,employed,491816.52998333325,0.5560964814841765
2013,some college,55+,not employed,392592.10477499996,0.4439035185158235
2013,associate,16-24,employed,158430.1917333333,0.6191562472702936
2013,associate,16-24,not employed,97450.601575,0.38084375272970633
2013,associate,25-34,employed,370206.8010583333,0.7644433421546646
2013,associate,25-34,not employed,114076.04980000002,0.23555665784533542
2013,associate,35-44,employed,349273.862175,0.7715939148221918
2013,associate,35-44,not employed,103391.53015833332,0.22840608517780825
2013,associate,45-54,employed,343521.5289833334,0.737652037889551
2013,associate,45-54,not employed,122174.37008333333,0.2623479621104489
2013,associate,55+,employed,306619.0894666666,0.6099299492832633
2013,associate,55+,not employed,196092.88561666667,0.3900700507167366
2013,bachelor's,16-24,employed,265500.57907499996,0.7040626980728489
2013,bachelor's,16-24,not employed,111597.34104166669,0.2959373019271511
2013,bachelor's,25-34,employed,1121057.5186916664,0.8087835818432457
2013,bachelor's,25-34,not employed,265045.69094166666,0.19121641815675428
2013,bachelor's,35-44,employed,925258.9028499997,0.8121451877365524
2013,bachelor's,35-44,not employed,214018.79874999996,0.18785481226344752
2013,bachelor's,45-54,employed,903541.5848916663,0.8156641718961082
2013,bachelor's,45-54,not employed,204195.66289166667,0.1843358281038918
2013,bachelor's,55+,employed,739271.6558583333,0.67793069163407
2013,bachelor's,55+,not employed,351210.9922666666,0.3220693083659301
2013,advanced degree,16-24,employed,14667.990163636363,0.6028719801956249
2013,advanced degree,16-24,not employed,9662.200400000002,0.39712801980437507
2013,advanced degree,25-34,employed,431447.62146666675,0.8602431490336281
2013,advanced degree,25-34,not employed,70093.85776666668,0.1397568509663719
2013,advanced degree,35-44,employed,550873.70975,0.8679747972159351
2013,advanced degree,35-44,not employed,83791.84910833334,0.13202520278406488
2013,advanced degree,45-54,employed,540695.1060333335,0.858132447411849
2013,advanced degree,45-54,not employed,89388.40574166668,0.14186755258815098
2013,advanced degree,55+,employed,422147.91895833326,0.7187840111931854
2013,advanced degree,55+,not employed,165160.52472500002,0.28121598880681475
2014,less than hs,16-24,employed,248391.7869583333,0.15893653080702713
2014,less than hs,16-24,not employed,1314444.5584500001,0.8410634691929728
2014,less than hs,25-34,employed,379261.28654166666,0.5926962688983288
2014,less than hs,25-34,not employed,260630.18307499995,0.4073037311016711
2014,less than hs,35-44,employed,541564.2504333333,0.6404442964867725
2014,less than hs,35-44,not employed,304042.85920000006,0.35955570351322746
2014,less than hs,45-54,employed,560099.9594583333,0.652869177732434
2014,less than hs,45-54,not employed,297805.3890583333,0.3471308222675661
2014,less than hs,55+,employed,330760.8808166667,0.4618677557035606
2014,less than hs,55+,not employed,385376.751075,0.5381322442964395
2014,high school,16-24,employed,611645.6803583335,0.510523295079506
2014,high school,16-24,not employed,586430.2669166666,0.48947670492049405
2014,high school,25-34,employed,878084.1625666668,0.6733499092984355
2014,high school,25-34,not employed,425969.1244999999,0.32665009070156437
2014,high school,35-44,employed,737840.6715083335,0.7066714231450558
2014,high school,35-44,not employed,306266.45854166674,0.29332857685494423
2014,high school,45-54,employed,835959.8933833336,0.6831698249134047
2014,high school,45-54,not employed,387688.8435749999,0.3168301750865952
2014,high school,55+,employed,567426.0809083333,0.5318062298067996
2014,high school,55+,not employed,499552.9221666667,0.4681937701932005
2014,some college,16-24,employed,879401.0586000001,0.5083707570442215
2014,some college,16-24,not employed,850440.8853250002,0.49162924295577853
2014,some college,25-34,employed,761248.6824833332,0.706277082967902
2014,some college,25-34,not employed,316584.22593333333,0.2937229170320979
2014,some college,35-44,employed,598149.0738416665,0.7259540218595091
2014,some college,35-44,not employed,225799.9034083333,0.274045978140491
2014,some college,45-54,employed,675021.8148416667,0.7363659113008618
2014,some college,45-54,not employed,241671.6448666666,0.2636340886991382
2014,some college,55+,employed,512034.89944166667,0.5739394985541427
2014,some college,55+,not employed,380105.99821666675,0.4260605014458572
2014,associate,16-24,employed,164418.8059666667,0.6784951219258148
2014,associate,16-24,not employed,77909.84261666665,0.32150487807418515
2014,associate,25-34,employed,347733.1158166667,0.7552121676147625
2014,associate,25-34,not employed,112711.15498333333,0.24478783238523755
2014,associate,35-44,employed,340239.65698333335,0.7714188149789948
2014,associate,35-44,not employed,100817.32837499998,0.22858118502100522
2014,associate,45-54,employed,303149.47025,0.7494989471953898
2014,associate,45-54,not employed,101320.03752499999,0.25050105280461027
2014,associate,55+,employed,285235.591975,0.5701642704339283
2014,associate,55+,not employed,215033.5528416667,0.4298357295660717
2014,bachelor's,16-24,employed,263882.782525,0.6974556719421997
2014,bachelor's,16-24,not employed,114467.83263333334,0.3025443280578003
2014,bachelor's,25-34,employed,1069698.7768000003,0.8074646659459908
2014,bachelor's,25-34,not employed,255063.5588333334,0.19253533405400922
2014,bachelor's,35-44,employed,964985.5010500002,0.818731205574478
2014,bachelor's,35-44,not employed,213649.80010833332,0.18126879442552213
2014,bachelor's,45-54,employed,892834.4368666667,0.8177658869309284
2014,bachelor's,45-54,not employed,198962.67907499996,0.18223411306907164
2014,bachelor's,55+,employed,714737.1427000001,0.7013492402279625
2014,bachelor's,55+,not employed,304351.63889999996,0.2986507597720374
2014,advanced degree,16-24,employed,22580.626641666673,0.7210122163909014
2014,advanced degree,16-24,not employed,8737.32627,0.27898778360909854
2014,advanced degree,25-34,employed,448560.8013333333,0.8357919793961455
2014,advanced degree,25-34,not employed,88128.72475833334,0.16420802060385456
2014,advanced degree,35-44,employed,592575.1935416666,0.8512954093683491
2014,advanced degree,35-44,not employed,103511.24956666667,0.14870459063165092
2014,advanced degree,45-54,employed,563738.1024750001,0.8623386424437721
2014,advanced degree,45-54,not employed,89993.592625,0.1376613575562278
2014,advanced degree,55+,employed,487826.5287583335,0.7365570126407031
2014,advanced degree,55+,not employed,174480.01423333338,0.263442987359297
2015,less than hs,16-24,employed,240291.79186666672,0.16085541176878745
2015,less than hs,16-24,not employed,1253545.3704916667,0.8391445882312126
2015,less than hs,25-34,employed,364470.52012500004,0.59136328336167
2015,less than hs,25-34,not employed,251852.01862499994,0.40863671663833007
2015,less than hs,35-44,employed,533940.2578916668,0.6350436038033064
2015,less than hs,35-44,not employed,306852.8068583333,0.36495639619669357
2015,less than hs,45-54,employed,567747.9928583335,0.6380246251382171
2015,less than hs,45-54,not employed,322104.7972833333,0.36197537486178294
2015,less than hs,55+,employed,376188.85779999994,0.4836737161588406
2015,less than hs,55+,not employed,401585.1771166667,0.5163262838411595
2015,high school,16-24,employed,721108.4294416668,0.5504644654959371
2015,high school,16-24,not employed,588891.5335749999,0.4495355345040629
2015,high school,25-34,employed,923992.2257249998,0.6953724840281307
2015,high school,25-34,not employed,404780.8375583333,0.3046275159718693
2015,high school,35-44,employed,831612.5708333333,0.7074628659756562
2015,high school,35-44,not employed,343873.25440000003,0.29253713402434384
2015,high school,45-54,employed,863243.2841083334,0.7054453708454099
2015,high school,45-54,not employed,360442.2339833334,0.29455462915459013
2015,high school,55+,employed,591811.3795416668,0.5361636189592035
2015,high school,55+,not employed,511977.386825,0.4638363810407965
2015,some college,16-24,employed,844792.3721249999,0.5018128325287334
2015,some college,16-24,not employed,838688.6338666668,0.4981871674712666
2015,some college,25-34,employed,791607.4126083334,0.7212459421122617
2015,some college,25-34,not employed,305948.0346916667,0.27875405788773827
2015,some college,35-44,employed,604290.097575,0.7534105688137482
2015,some college,35-44,not employed,197782.6667166667,0.2465894311862518
2015,some college,45-54,employed,685808.9437833334,0.7576765778863899
2015,some college,45-54,not employed,219338.40245833338,0.24232342211361005
2015,some college,55+,employed,536620.4213416668,0.5796689205788216
2015,some college,55+,not employed,389115.63641666673,0.4203310794211784
2015,associate,16-24,employed,124354.86987500003,0.6730330459670135
2015,associate,16-24,not employed,60412.9816,0.3269669540329864
2015,associate,25-34,employed,377330.36144999997,0.7775496220958379
2015,associate,25-34,not employed,107951.02860833333,0.2224503779041621
2015,associate,35-44,employed,312075.42612500006,0.7946547947188005
2015,associate,35-44,not employed,80642.80599166667,0.20534520528119946
2015,associate,45-54,employed,337851.17735833337,0.7932923382558886
2015,associate,45-54,not employed,88033.65861666668,0.2067076617441114
2015,associate,55+,employed,298517.97930833336,0.5780186416218631
2015,associate,55+,not employed,217932.45639166667,0.42198135837813694
2015,bachelor's,16-24,employed,258188.01401666665,0.6929731632767128
2015,bachelor's,16-24,not employed,114392.0911,0.30702683672328723
2015,bachelor's,25-34,employed,1086297.7324833332,0.8168151063773781
2015,bachelor's,25-34,not employed,243621.02636666666,0.18318489362262197
2015,bachelor's,35-44,employed,1020220.4604416668,0.82561377475579
2015,bachelor's,35-44,not employed,215491.0691333333,0.17438622524421007
2015,bachelor's,45-54,employed,916326.0118083335,0.8133739054519066
2015,bachelor's,45-54,not employed,210248.13283333334,0.1866260945480936
2015,bachelor's,55+,employed,709673.0852249999,0.6974421788173405
2015,bachelor's,55+,not employed,307863.71822499996,0.30255782118265945
2015,advanced degree,16-24,employed,19281.815483333336,0.7360186795912993
2015,advanced degree,16-24,not employed,6915.638491666666,0.2639813204087007
2015,advanced degree,25-34,employed,448891.0080333333,0.8309129160641577
2015,advanced degree,25-34,not employed,91347.32423333333,0.16908708393584235
2015,advanced degree,35-44,employed,609014.5843333333,0.849285951720141
2015,advanced degree,35-44,not employed,108075.55839166667,0.15071404827985907
2015,advanced degree,45-54,employed,562107.7064083334,0.8522112854109735
2015,advanced degree,45-54,not employed,97479.55326666667,0.14778871458902645
2015,advanced degree,55+,employed,480652.1104250001,0.7572587214674511
2015,advanced degree,55+,not employed,154074.30050833334,0.24274127853254882
2016,less than hs,16-24,employed,229588.94775833332,0.15778663485141667
2016,less than hs,16-24,not employed,1225470.58865,0.8422133651485834
2016,less than hs,25-34,employed,372316.5502666666,0.6043427716520312
2016,less than hs,25-34,not employed,243751.95875,0.3956572283479689
2016,less than hs,35-44,employed,513070.10843333317,0.6557850466768631
2016,less than hs,35-44,not employed,269305.32240833336,0.3442149533231369
2016,less than hs,45-54,employed,580498.7076333333,0.6546002124601943
2016,less than hs,45-54,not employed,306300.13016666664,0.34539978753980577
2016,less than hs,55+,employed,369266.77355833334,0.4524402221870294
2016,less than hs,55+,not employed,446900.21480833343,0.5475597778129706
2016,high school,16-24,employed,660123.5485083334,0.5508269717927057
2016,high school,16-24,not employed,538299.15465,0.4491730282072943
2016,high school,25-34,employed,938928.9823250003,0.7091572834314658
2016,high school,25-34,not employed,385077.70034166664,0.2908427165685342
2016,high school,35-44,employed,820631.7909999999,0.6990329472578779
2016,high school,35-44,not employed,353321.1596000001,0.30096705274212215
2016,high school,45-54,employed,850559.7554249997,0.7133690950279525
2016,high school,45-54,not employed,341753.95896666666,0.28663090497204746
2016,high school,55+,employed,599332.4000166665,0.5202157597077575
2016,high school,55+,not employed,552751.8820000001,0.47978424029224254
2016,some college,16-24,employed,864852.5380500002,0.5310610620164326
2016,some college,16-24,not employed,763684.3664749999,0.46893893798356745
2016,some college,25-34,employed,794959.0127499999,0.7302968167336066
2016,some college,25-34,not employed,293583.3367916667,0.26970318326639353
2016,some college,35-44,employed,642968.6388833334,0.7775536859026151
2016,some college,35-44,not employed,183943.57379166665,0.22244631409738497
2016,some college,45-54,employed,671943.9649416668,0.7493915264411061
2016,some college,45-54,not employed,224708.7742916667,0.25060847355889393
2016,some college,55+,employed,553510.9475249999,0.5583763761974613
2016,some college,55+,not employed,437775.52360833326,0.44162362380253867
2016,associate,16-24,employed,145279.46646666666,0.7151247236404701
2016,associate,16-24,not employed,57873.16085000001,0.2848752763595299
2016,associate,25-34,employed,390986.0472166667,0.7758373338697209
2016,associate,25-34,not employed,112967.59119166668,0.22416266613027921
2016,associate,35-44,employed,329251.7955666667,0.772149546751367
2016,associate,35-44,not employed,97157.56639166667,0.227850453248633
2016,associate,45-54,employed,366099.39456666674,0.7665233771223431
2016,associate,45-54,not employed,111510.81993333332,0.23347662287765686
2016,associate,55+,employed,307857.32867500006,0.6171142271518518
2016,associate,55+,not employed,191008.708,0.3828857728481481
2016,bachelor's,16-24,employed,286825.9701833333,0.7228727197926618
2016,bachelor's,16-24,not employed,109960.29983333334,0.2771272802073382
2016,bachelor's,25-34,employed,1171472.6146250002,0.8276758194224582
2016,bachelor's,25-34,not employed,243903.53523333336,0.1723241805775418
2016,bachelor's,35-44,employed,1015703.2597999998,0.8163198683211733
2016,bachelor's,35-44,not employed,228543.3881333334,0.18368013167882674
2016,bachelor's,45-54,employed,912787.7074833334,0.8154282873297694
2016,bachelor's,45-54,not employed,206608.9600916667,0.18457171267023073
2016,bachelor's,55+,employed,731751.4023750001,0.6871742907570282
2016,bachelor's,55+,not employed,333118.7655249999,0.3128257092429717
2016,advanced degree,16-24,employed,34636.67656666666,0.8573162886708152
2016,advanced degree,16-24,not employed,5764.604762499999,0.14268371132918478
2016,advanced degree,25-34,employed,526097.7469333332,0.8291917948341562
2016,advanced degree,25-34,not employed,108372.77027499997,0.17080820516584375
2016,advanced degree,35-44,employed,647249.2447583334,0.8619628276587976
2016,advanced degree,35-44,not employed,103652.3301,0.1380371723412023
2016,advanced degree,45-54,employed,574220.3689916667,0.8721099234291911
2016,advanced degree,45-54,not employed,84206.22789166664,0.12789007657080892
2016,advanced degree,55+,employed,472969.58301666664,0.7317942541716347
2016,advanced degree,55+,not employed,173345.38915,0.2682057458283653
2017,less than hs,16-24,employed,253463.00975833336,0.1764148249110922
2017,less than hs,16-24,not employed,1183281.37885,0.8235851750889077
2017,less than hs,25-34,employed,348033.0735666667,0.6364951380996985
2017,less than hs,25-34,not employed,198763.04903333331,0.36350486190030146
2017,less than hs,35-44,employed,512418.13395,0.6585630423253086
2017,less than hs,35-44,not employed,265667.0318083333,0.3414369576746914
2017,less than hs,45-54,employed,563761.5020499999,0.6631445515575551
2017,less than hs,45-54,not employed,286372.1539166667,0.33685544844244497
2017,less than hs,55+,employed,387043.09278333327,0.47559558958039005
2017,less than hs,55+,not employed,426764.06031666667,0.5244044104196098
2017,high school,16-24,employed,626310.3949166667,0.5443215490142667
2017,high school,16-24,not employed,524315.3630583334,0.45567845098573345
2017,high school,25-34,employed,970193.3169916668,0.7000983371137498
2017,high school,25-34,not employed,415602.45705833327,0.2999016628862502
2017,high school,35-44,employed,811049.9891583334,0.7187100654050044
2017,high school,35-44,not employed,317430.0867416666,0.2812899345949955
2017,high school,45-54,employed,876133.7269833334,0.7266608249371073
2017,high school,45-54,not employed,329564.58083333337,0.2733391750628927
2017,high school,55+,employed,633791.7329916669,0.5273772426847351
2017,high school,55+,not employed,567988.85535,0.472622757315265
2017,some college,16-24,employed,806647.9808416669,0.5217859481567122
2017,some college,16-24,not employed,739288.5927500002,0.47821405184328775
2017,some college,25-34,employed,812549.6639583333,0.7591926983141635
2017,some college,25-34,not employed,257731.52520833336,0.2408073016858365
2017,some college,35-44,employed,613835.5753666664,0.7825044296174506
2017,some college,35-44,not employed,170614.39339166667,0.21749557038254932
2017,some college,45-54,employed,625837.95155,0.7648790223325475
2017,some college,45-54,not employed,192380.2676416667,0.2351209776674526
2017,some college,55+,employed,528598.052525,0.5841365447038874
2017,some college,55+,not employed,376324.01975,0.41586345529611257
2017,associate,16-24,employed,158208.5770833333,0.6979895529017097
2017,associate,16-24,not employed,68454.66798333333,0.30201044709829034
2017,associate,25-34,employed,405661.0905000001,0.7622189878717059
2017,associate,25-34,not employed,126549.59560833334,0.23778101212829408
2017,associate,35-44,employed,343744.103875,0.7818197407292152
2017,associate,35-44,not employed,95927.71044166666,0.21818025927078474
2017,associate,45-54,employed,337346.03904166666,0.762350436621576
2017,associate,45-54,not employed,105161.7931,0.23764956337842394
2017,associate,55+,employed,293991.40886666666,0.5920845285798002
2017,associate,55+,not employed,202544.80289999998,0.4079154714201998
2017,bachelor's,16-24,employed,280166.6265166667,0.717627051140163
2017,bachelor's,16-24,not employed,110240.376775,0.28237294885983694
2017,bachelor's,25-34,employed,1260250.563125,0.8404514426431147
2017,bachelor's,25-34,not employed,239241.85152500003,0.15954855735688533
2017,bachelor's,35-44,employed,1077397.5735666666,0.8272424065713853
2017,bachelor's,35-44,not employed,224998.87638333335,0.17275759342861483
2017,bachelor's,45-54,employed,946247.8985083337,0.8218651887310878
2017,bachelor's,45-54,not employed,205094.08735833332,0.1781348112689122
2017,bachelor's,55+,employed,768571.0375416667,0.6689053224451816
2017,bachelor's,55+,not employed,380427.20145,0.33109467755481836
2017,advanced degree,16-24,employed,21304.810800000003,0.6650620473698283
2017,advanced degree,16-24,not employed,10729.509733333334,0.33493795263017156
2017,advanced degree,25-34,employed,541017.16165,0.8530287075461552
2017,advanced degree,25-34,not employed,93213.73452499998,0.14697129245384477
2017,advanced degree,35-44,employed,692265.8279000003,0.8736811289308593
2017,advanced degree,35-44,not employed,100089.42045833333,0.12631887106914075
2017,advanced degree,45-54,employed,570858.5702000001,0.8728302976066367
2017,advanced degree,45-54,not employed,83173.00015833332,0.1271697023933633
2017,advanced degree,55+,employed,461997.4589916666,0.7588493781341479
2017,advanced degree,55+,not employed,146815.66295833333,0.2411506218658521
2018,less than hs,16-24,employed,256555.90792857148,0.17612405924412533
2018,less than hs,16-24,not employed,1200121.3287285718,0.8238759407558746
2018,less than hs,25-34,employed,281470.76404285716,0.6691418085208356
2018,less than hs,25-34,not employed,139173.65012857143,0.33085819147916434
2018,less than hs,35-44,employed,504582.61317142856,0.6265751198782649
2018,less than hs,35-44,not employed,300720.0507285715,0.37342488012173514
2018,less than hs,45-54,employed,505971.21070000005,0.6177898528627848
2018,less than hs,45-54,not employed,313030.9279,0.3822101471372153
2018,less than hs,55+,employed,405994.04709999997,0.4911465413771014
2018,less than hs,55+,not employed,420631.02891428577,0.5088534586228987
2018,high school,16-24,employed,557349.6508285713,0.5208015660003091
2018,high school,16-24,not employed,512826.9523428572,0.479198433999691
2018,high school,25-34,employed,991186.2920999996,0.6912293228985901
2018,high school,25-34,not employed,442760.821057143,0.30877067710140993
2018,high school,35-44,employed,828448.7135428572,0.7534951278610197
2018,high school,35-44,not employed,271025.83235714294,0.24650487213898026
2018,high school,45-54,employed,886015.6926142855,0.7419856804747437
2018,high school,45-54,not employed,308098.58199999994,0.25801431952525633
2018,high school,55+,employed,678971.8680714285,0.5578153088836035
2018,high school,55+,not employed,538226.4720571429,0.4421846911163966
2018,some college,16-24,employed,819864.1996714285,0.5295142872591891
2018,some college,16-24,not employed,728468.337142857,0.47048571274081097
2018,some college,25-34,employed,859070.6825142858,0.7574417182884072
2018,some college,25-34,not employed,275103.2899142857,0.2425582817115928
2018,some college,35-44,employed,596656.6259999999,0.7823351036043165
2018,some college,35-44,not employed,166004.5702714286,0.2176648963956836
2018,some college,45-54,employed,631659.3427571427,0.8196400742018419
2018,some college,45-54,not employed,138995.1953,0.180359925798158
2018,some college,55+,employed,508403.59948571445,0.587970078693159
2018,some college,55+,not employed,356272.3728285715,0.412029921306841
2018,associate,16-24,employed,157065.72072857138,0.7329164419331481
2018,associate,16-24,not employed,57236.63591428572,0.26708355806685186
2018,associate,25-34,employed,471919.2093285714,0.8332736676068455
2018,associate,25-34,not employed,94424.39142857141,0.16672633239315457
2018,associate,35-44,employed,422325.9409000001,0.8553731965310176
2018,associate,35-44,not employed,71407.0198857143,0.14462680346898238
2018,associate,45-54,employed,387169.5144285715,0.8070270898725401
2018,associate,45-54,not employed,92578.33949999999,0.1929729101274599
2018,associate,55+,employed,289843.5767142857,0.6134261262064084
2018,associate,55+,not employed,182655.98652857143,0.38657387379359165
2018,bachelor's,16-24,employed,279294.9802285715,0.7427661863813675
2018,bachelor's,16-24,not employed,96725.07204285715,0.25723381361863257
2018,bachelor's,25-34,employed,1324970.6434142855,0.8179334149768781
2018,bachelor's,25-34,not employed,294929.72885714285,0.18206658502312192
2018,bachelor's,35-44,employed,1065593.4726142858,0.8177178260920824
2018,bachelor's,35-44,not employed,237537.55695714284,0.18228217390791757
2018,bachelor's,45-54,employed,976427.9568571426,0.8361175061735763
2018,bachelor's,45-54,not employed,191383.9232285714,0.1638824938264238
2018,bachelor's,55+,employed,694356.6242571427,0.6423863201314007
2018,bachelor's,55+,not employed,386545.3228999999,0.35761367986859915
2018,advanced degree,16-24,employed,18396.634385714286,0.6211875869877318
2018,advanced degree,16-24,not employed,11218.62962,0.3788124130122682
2018,advanced degree,25-34,employed,525992.1862142858,0.8561743088023973
2018,advanced degree,25-34,not employed,88359.5653,0.1438256911976027
2018,advanced degree,35-44,employed,735572.5517428572,0.8789699857479278
2018,advanced degree,35-44,not employed,101284.86508571428,0.12103001425207213
2018,advanced degree,45-54,employed,559291.3035000002,0.8895154760730231
2018,advanced degree,45-54,not employed,69468.19371428572,0.11048452392697687
2018,advanced degree,55+,employed,446045.7336,0.7377612380793374
2018,advanced degree,55+,not employed,158547.88094285715,0.2622387619206626
